index,Age,Education Level,Gender,Height,Weight,Criminal Level,Marital Status,Parent Situation,Child Situation,Terrain,Road Condition,Wind Speed,Weather,Human,Video Result,Heart Speed
0,30.0,初中,男,165.1,80.3,中,丧偶,父母健在,有一子女,有山,通畅,轻风,雨夹雪,大,0.475,56.0
5,29.0,初中,男,182.9,133.8,中,未婚,父母健在,没有孩子,有山,堵车,无风,中雨,小,0.81,73.0
7,22.0,初中,男,185.4,98.0,重,未婚,父母健在,没有孩子,有山,堵车,轻风,晴,小,0.282,88.0
15,28.0,高中及以上,男,167.6,92.5,轻,未婚,有一父或一母,没有孩子,有山,通畅,软风,中雪,中,0.782,56.0
17,39.0,高中及以上,男,182.9,88.9,中,丧偶,父母健在,有一子女,有山,堵车,强风,小雨,中,0.29600000000000004,84.0
19,21.0,初中,男,167.6,78.9,中,离异,父母健在,有多个子女,有山,堵车,轻风,雨夹雪,大,0.034,67.0
23,30.0,小学及以下,男,180.3,105.7,中,已婚,有一父或一母,没有孩子,有山,堵车,大风,晴,中,0.488,57.0
25,20.0,初中,男,167.6,70.8,重,未婚,有一父或一母,没有孩子,平原,通畅,软风,中雪,小,0.8809999999999999,69.0
29,22.0,初中,男,177.8,71.2,轻,已婚,有一父或一母,没有孩子,有山,堵车,软风,雷阵雨,大,0.508,85.0
32,39.0,小学及以下,男,182.9,97.5,轻,丧偶,父母健在,有一子女,有山,通畅,软风,雾,大,0.608,85.0
36,27.0,初中,男,170.2,84.4,中,已婚,父母双亡,没有孩子,有山,堵车,和风,中雪,中,0.622,65.0
37,30.0,小学及以下,男,157.5,86.2,中,丧偶,有一父或一母,有一子女,平原,通畅,软风,中雨,小,0.297,61.0
39,19.0,初中,男,170.2,82.6,轻,未婚,有一父或一母,没有孩子,有山,堵车,微风,阴天,小,0.828,75.0
40,19.0,初中,男,175.3,63.0,轻,丧偶,父母双亡,有一子女,平原,通畅,劲风,暴雨,中,0.157,81.0
41,45.0,高中及以上,女,157.5,64.0,中,离异,父母双亡,没有孩子,平原,堵车,烈风,小雨,中,0.313,79.0
42,38.0,初中,男,175.3,76.7,中,离异,父母双亡,没有孩子,平原,通畅,劲风,雷阵雨,中,0.818,70.0
47,31.0,高中及以上,男,167.6,68.0,轻,已婚,有一父或一母,有一子女,平原,通畅,微风,冰雹,大,0.254,61.0
48,28.0,初中,男,172.7,69.4,中,离异,父母健在,有一子女,平原,通畅,暴风,晴,小,0.9590000000000001,86.0
52,26.0,小学及以下,男,170.2,80.7,重,离异,父母双亡,有一子女,有山,堵车,微风,冻雨,大,0.574,64.0
53,19.0,高中及以上,男,177.8,68.0,轻,已婚,有一父或一母,有一子女,平原,通畅,微风,冻雨,中,0.7290000000000001,92.0
55,31.0,初中,男,160.0,66.2,中,离异,父母健在,没有孩子,有山,堵车,软风,中雨,小,0.08800000000000001,82.0
56,30.0,初中,男,175.3,73.9,轻,未婚,有一父或一母,没有孩子,有山,堵车,微风,小雪,大,0.841,84.0
59,34.0,高中及以上,男,180.3,130.6,中,丧偶,父母健在,没有孩子,有山,通畅,和风,大雨,小,0.248,58.0
64,38.0,初中,男,160.0,65.8,轻,丧偶,父母双亡,没有孩子,有山,堵车,和风,冰雹,中,0.14400000000000002,85.0
67,30.0,初中,男,170.2,91.6,重,已婚,父母双亡,有一子女,有山,堵车,疾风,晴,大,0.6970000000000001,76.0
69,29.0,高中及以上,男,167.6,76.7,中,离异,父母健在,有一子女,平原,通畅,劲风,小雪,中,0.982,91.0
71,22.0,初中,男,172.7,68.9,重,丧偶,父母健在,有一子女,平原,通畅,和风,雷阵雨,小,0.11900000000000001,58.0
72,25.0,初中,男,167.6,78.9,轻,未婚,父母双亡,没有孩子,平原,堵车,软风,雾,大,0.711,70.0
74,20.0,初中,男,188.0,87.5,重,已婚,有一父或一母,有一子女,平原,通畅,和风,阴天,小,0.055,69.0
75,21.0,初中,男,175.3,93.9,轻,丧偶,有一父或一母,没有孩子,有山,堵车,狂风,阴天,中,0.5720000000000001,91.0
78,20.0,初中,男,188.0,98.9,轻,未婚,有一父或一母,没有孩子,有山,通畅,和风,大雨,中,0.128,80.0
80,29.0,高中及以上,男,154.9,72.6,中,已婚,父母健在,有多个子女,平原,堵车,无风,冻雨,大,0.6729999999999999,82.0
81,20.0,高中及以上,男,175.3,59.9,中,丧偶,父母双亡,有多个子女,有山,堵车,疾风,小雪,大,0.955,89.0
83,31.0,小学及以下,男,180.3,79.4,轻,丧偶,父母健在,有多个子女,平原,堵车,劲风,大到暴雪,中,0.4,87.0
86,23.0,初中,男,180.3,63.0,重,丧偶,父母健在,有一子女,有山,通畅,台风,雷阵雨,大,0.623,94.0
87,23.0,初中,男,174.42525773195877,85.3,重,离异,父母双亡,没有孩子,有山,堵车,轻风,雨夹雪,中,0.79,80.0
89,23.0,初中,男,165.1,96.6,中,已婚,父母双亡,有多个子女,有山,堵车,劲风,晴,中,0.8320000000000001,80.0
90,39.0,高中及以上,男,177.8,77.1,重,未婚,有一父或一母,没有孩子,平原,通畅,台风,晴,大,0.321,58.0
91,32.0,初中,男,170.2,104.8,重,未婚,父母健在,没有孩子,有山,堵车,强风,大雨,中,0.746,82.0
92,23.0,初中,男,172.7,114.3,中,丧偶,父母健在,有一子女,平原,堵车,劲风,中雪,大,0.2,79.0
93,21.0,高中及以上,男,177.8,68.5,重,离异,父母双亡,没有孩子,有山,堵车,台风,大到暴雪,大,0.172,65.0
94,25.0,初中,男,170.2,68.0,轻,丧偶,父母健在,没有孩子,有山,通畅,无风,阴天,小,0.8320000000000001,70.0
96,20.0,初中,男,185.4,91.2,轻,丧偶,父母健在,有多个子女,平原,堵车,无风,阴天,中,0.767,58.0
97,25.0,高中及以上,男,170.2,83.9,中,已婚,父母健在,有一子女,平原,堵车,无风,霜冻,小,0.9940000000000001,59.0
98,27.0,初中,男,170.2,81.6,中,已婚,有一父或一母,没有孩子,有山,堵车,强风,大到暴雪,小,0.187,91.0
99,19.0,初中,男,172.7,70.8,轻,未婚,有一父或一母,没有孩子,有山,通畅,强风,冻雨,大,0.66,84.0
100,24.0,初中,男,165.1,73.9,中,已婚,有一父或一母,有多个子女,平原,通畅,台风,小雨,小,0.359,63.0
101,28.0,高中及以上,男,165.1,79.8,中,离异,有一父或一母,有一子女,平原,堵车,强风,雷阵雨,中,0.511,73.0
102,27.0,高中及以上,男,167.6,65.3,重,已婚,父母健在,没有孩子,平原,堵车,轻风,雷阵雨,小,0.747,77.0
104,36.0,高中及以上,男,188.0,94.8,中,已婚,有一父或一母,有多个子女,平原,通畅,轻风,大到暴雪,中,0.28,67.0
105,30.0,高中及以上,男,190.5,128.8,重,离异,父母健在,有多个子女,有山,堵车,台风,大到暴雪,小,0.718,56.0
106,46.0,初中,男,188.0,86.2,中,离异,有一父或一母,没有孩子,平原,通畅,软风,冻雨,中,0.507,85.0
107,30.0,高中及以上,男,172.7,75.7,轻,丧偶,有一父或一母,没有孩子,平原,堵车,劲风,雾,大,0.299,90.0
110,32.0,高中及以上,男,182.9,77.1,中,离异,父母健在,有多个子女,有山,堵车,无风,大雨,大,0.115,79.0
111,20.0,高中及以上,男,170.2,61.2,轻,已婚,父母健在,有多个子女,有山,通畅,狂风,雾,大,0.9590000000000001,87.0
112,22.0,初中,男,170.2,83.5,重,丧偶,有一父或一母,有一子女,有山,堵车,烈风,雷阵雨,中,0.7490000000000001,75.0
113,30.0,初中,男,160.0,71.7,轻,离异,父母双亡,没有孩子,平原,堵车,烈风,晴,中,0.789,61.0
117,31.0,初中,男,172.7,78.5,重,已婚,父母健在,有一子女,平原,通畅,烈风,大雨,大,0.379,64.0
118,19.0,初中,男,170.2,83.5,重,未婚,父母健在,没有孩子,平原,通畅,微风,中雪,中,0.188,59.0
123,19.0,高中及以上,男,167.6,74.4,轻,丧偶,父母健在,有多个子女,有山,通畅,软风,霜冻,大,0.42,61.0
126,25.0,初中,男,175.3,71.2,重,离异,有一父或一母,没有孩子,有山,堵车,和风,冰雹,大,0.823,74.0
127,19.0,初中,男,167.6,64.4,中,已婚,有一父或一母,没有孩子,有山,堵车,大风,暴雨,大,0.787,82.0
128,34.0,初中,男,182.9,81.6,中,丧偶,有一父或一母,有一子女,平原,通畅,暴风,雾,大,0.08,90.0
131,39.0,高中及以上,男,190.5,92.5,重,已婚,父母健在,有多个子女,有山,堵车,和风,中雨,中,0.659,69.0
133,28.0,高中及以上,男,160.0,78.0,重,已婚,父母健在,有一子女,有山,堵车,大风,中雨,中,0.163,86.0
134,21.0,初中,男,177.8,79.8,轻,未婚,有一父或一母,没有孩子,有山,堵车,微风,大到暴雪,小,0.083,80.0
135,19.0,高中及以上,男,182.9,74.8,中,未婚,有一父或一母,没有孩子,有山,通畅,微风,雨夹雪,中,0.147,60.0
138,39.0,初中,男,167.6,86.2,轻,丧偶,父母健在,有一子女,平原,通畅,大风,冻雨,大,0.287,87.0
140,20.0,初中,男,180.3,99.8,重,已婚,父母双亡,有多个子女,有山,通畅,狂风,暴雨,大,0.175,63.0
141,20.0,初中,男,170.2,86.2,中,已婚,父母双亡,没有孩子,有山,堵车,暴风,小雪,中,0.069,65.0
142,23.0,高中及以上,男,170.2,88.5,轻,未婚,父母健在,没有孩子,有山,通畅,轻风,暴雨,中,0.059000000000000004,77.0
143,24.0,高中及以上,男,182.9,63.5,重,已婚,有一父或一母,有一子女,平原,堵车,轻风,雨夹雪,中,0.47,94.0
144,44.0,初中,男,172.7,76.2,轻,丧偶,有一父或一母,有多个子女,平原,堵车,疾风,暴雨,大,0.41700000000000004,86.0
145,49.0,初中,男,175.3,93.0,轻,丧偶,有一父或一母,有一子女,有山,通畅,大风,雾,中,0.036000000000000004,91.0
147,22.0,高中及以上,男,177.8,101.6,轻,已婚,有一父或一母,有多个子女,有山,堵车,和风,大到暴雪,中,0.8370000000000001,60.0
149,37.0,初中,男,172.7,103.9,轻,未婚,父母双亡,没有孩子,有山,通畅,疾风,雾,小,0.701,84.0
151,23.0,高中及以上,男,170.2,91.2,重,已婚,父母健在,有一子女,平原,堵车,疾风,中雨,大,0.705,64.0
152,40.0,高中及以上,男,180.3,79.4,重,未婚,父母健在,没有孩子,平原,通畅,轻风,雨夹雪,中,0.57,72.0
155,51.0,高中及以上,男,175.3,89.8,重,已婚,父母双亡,有多个子女,有山,堵车,无风,中雨,大,0.775,79.0
157,29.0,高中及以上,男,175.3,81.6,中,丧偶,父母双亡,有多个子女,平原,通畅,疾风,雷阵雨,大,0.687,69.0
160,34.0,初中,男,177.8,85.7,轻,未婚,父母双亡,没有孩子,有山,堵车,大风,大雨,小,0.325,85.0
161,21.0,高中及以上,男,170.2,74.8,轻,离异,父母双亡,有一子女,平原,通畅,烈风,晴,大,0.244,60.0
162,24.0,高中及以上,男,177.8,74.8,轻,离异,父母双亡,有一子女,有山,堵车,强风,小雪,中,0.061,61.0
165,18.0,初中,男,174.42525773195877,64.4,轻,未婚,父母双亡,没有孩子,平原,通畅,大风,小雨,中,0.08199999999999999,74.0
166,38.0,初中,男,160.0,59.0,重,离异,父母双亡,有多个子女,平原,通畅,劲风,雾,小,0.039,62.0
167,26.0,小学及以下,男,172.7,62.1,轻,未婚,父母健在,没有孩子,平原,堵车,轻风,小雪,小,0.7070000000000001,77.0
169,31.0,初中,男,175.1,70.0,重,离异,父母健在,有多个子女,平原,堵车,无风,小雪,中,0.593,60.0
171,23.0,小学及以下,男,175.3,83.9,中,已婚,父母双亡,没有孩子,有山,通畅,微风,中雪,中,0.315,66.0
175,34.0,高中及以上,男,182.9,79.4,重,已婚,父母双亡,有多个子女,有山,堵车,轻风,小雪,大,0.623,79.0
178,28.0,高中及以上,男,172.7,65.8,轻,已婚,有一父或一母,有一子女,有山,堵车,台风,冻雨,大,0.53,84.0
180,41.0,高中及以上,男,172.7,68.1,轻,已婚,有一父或一母,有多个子女,有山,通畅,烈风,阴天,小,0.521,57.0
183,25.0,初中,女,162.7,54.9,重,已婚,父母健在,有一子女,有山,通畅,轻风,大雨,中,0.727,83.0
187,39.0,高中及以上,男,187.9,97.5,轻,丧偶,父母健在,有多个子女,有山,通畅,微风,大雨,中,0.207,71.0
188,40.0,高中及以上,男,180.3,106.6,中,丧偶,有一父或一母,有多个子女,有山,堵车,疾风,雷阵雨,大,0.6809999999999999,79.0
190,35.0,高中及以上,男,177.8,63.5,中,丧偶,有一父或一母,有一子女,平原,堵车,台风,暴雨,小,0.45299999999999996,78.0
193,24.0,初中,男,185.4,81.6,重,丧偶,有一父或一母,有多个子女,平原,通畅,狂风,冻雨,大,0.992,91.0
194,28.0,高中及以上,男,175.3,90.7,轻,未婚,父母双亡,没有孩子,平原,通畅,无风,暴雨,小,0.17300000000000001,87.0
195,23.0,高中及以上,男,180.3,74.8,中,离异,父母健在,没有孩子,有山,堵车,软风,阴天,大,0.87,57.0
196,21.0,小学及以下,男,182.9,67.1,中,未婚,父母双亡,没有孩子,平原,堵车,轻风,大到暴雪,大,0.601,83.0
198,34.0,初中,男,177.8,51.7,重,未婚,有一父或一母,没有孩子,有山,堵车,强风,小雨,小,0.099,85.0
202,24.0,初中,男,175.3,89.8,轻,离异,父母健在,有多个子女,平原,堵车,台风,阴天,大,0.486,77.0
203,31.0,高中及以上,男,175.3,91.6,轻,离异,有一父或一母,有多个子女,有山,堵车,微风,大雨,大,0.992,67.0
207,51.0,高中及以上,男,170.2,88.0,中,未婚,父母双亡,没有孩子,有山,堵车,暴风,雨夹雪,大,0.551,79.0
209,21.0,高中及以上,男,180.3,73.0,轻,离异,父母健在,有多个子女,平原,通畅,和风,中雨,小,0.13,86.0
214,28.0,高中及以上,男,167.6,92.5,中,丧偶,有一父或一母,有一子女,平原,堵车,暴风,雷阵雨,小,0.8909999999999999,57.0
216,39.0,高中及以上,男,182.9,88.9,中,已婚,父母健在,有多个子女,平原,堵车,疾风,阴天,大,0.93,71.0
219,24.0,初中,男,167.6,67.6,重,未婚,有一父或一母,没有孩子,平原,堵车,无风,晴,中,0.42200000000000004,75.0
220,40.0,初中,男,177.8,134.3,轻,已婚,父母双亡,有多个子女,平原,通畅,疾风,晴,小,0.278,85.0
221,27.0,高中及以上,男,167.6,70.3,重,已婚,有一父或一母,有一子女,平原,堵车,暴风,中雨,大,0.649,58.0
224,20.0,初中,男,167.6,70.8,中,已婚,父母健在,有一子女,有山,通畅,疾风,大雨,大,0.29,92.0
227,20.0,高中及以上,男,175.3,81.2,重,未婚,父母健在,没有孩子,平原,通畅,和风,中雨,小,0.853,57.0
228,22.0,初中,男,177.8,71.2,中,未婚,父母健在,没有孩子,有山,通畅,微风,小雨,大,0.20600000000000002,70.0
229,31.0,高中及以上,男,177.8,100.7,中,丧偶,父母双亡,有一子女,平原,堵车,软风,暴雨,大,0.011000000000000001,84.0
232,40.0,初中,男,174.42525773195877,105.2,重,未婚,父母双亡,没有孩子,有山,堵车,无风,晴,小,0.5760000000000001,85.0
234,30.0,初中,女,160.0,85.7,轻,未婚,父母健在,没有孩子,有山,堵车,和风,中雨,中,0.321,80.0
235,27.0,初中,男,170.2,84.4,轻,离异,父母双亡,有多个子女,平原,通畅,无风,多云,大,0.39,57.0
237,36.0,初中,男,175.3,88.5,重,丧偶,父母健在,没有孩子,平原,堵车,烈风,大到暴雪,中,0.66,81.0
240,45.0,高中及以上,女,157.5,64.0,重,离异,父母健在,有多个子女,有山,堵车,强风,冻雨,中,0.932,68.0
242,29.0,高中及以上,男,175.3,85.3,轻,离异,有一父或一母,没有孩子,有山,堵车,暴风,雾,小,0.389,71.0
244,20.0,初中,男,170.2,66.7,重,离异,有一父或一母,没有孩子,平原,堵车,软风,小雨,中,0.046,79.0
245,41.0,高中及以上,男,167.6,89.8,中,未婚,父母健在,没有孩子,平原,通畅,台风,冰雹,小,0.174,65.0
246,31.0,高中及以上,男,167.6,68.0,轻,已婚,有一父或一母,有多个子女,平原,堵车,无风,暴雨,小,0.935,86.0
248,37.0,高中及以上,女,160.0,85.3,重,离异,有一父或一母,有多个子女,有山,堵车,大风,小雪,小,0.775,59.0
250,24.0,高中及以上,男,172.7,69.4,轻,未婚,父母双亡,没有孩子,有山,堵车,软风,大雨,大,0.583,56.0
253,29.0,初中,男,182.9,78.9,重,丧偶,有一父或一母,有多个子女,平原,通畅,软风,小雨,小,0.498,75.0
255,30.0,初中,男,175.3,73.9,中,离异,有一父或一母,没有孩子,平原,堵车,和风,中雨,中,0.7659999999999999,59.0
256,25.0,高中及以上,男,170.2,63.0,重,离异,父母双亡,有多个子女,有山,通畅,暴风,晴,中,0.078,84.0
257,33.0,高中及以上,男,185.4,101.2,轻,丧偶,有一父或一母,有多个子女,有山,通畅,疾风,雷阵雨,中,0.027000000000000003,65.0
258,34.0,高中及以上,男,180.3,130.6,重,未婚,父母健在,没有孩子,有山,堵车,劲风,雾,小,0.306,63.0
259,40.0,高中及以上,男,177.8,117.9,中,已婚,父母双亡,有一子女,有山,通畅,和风,中雨,小,0.8759999999999999,80.0
260,28.0,初中,男,182.9,82.6,轻,离异,父母健在,没有孩子,有山,通畅,烈风,霜冻,小,0.9670000000000001,90.0
261,20.0,初中,男,172.7,83.5,轻,丧偶,父母双亡,有一子女,平原,通畅,大风,中雪,大,0.3,83.0
262,21.0,初中,男,174.42525773195877,81.2,轻,未婚,有一父或一母,没有孩子,有山,堵车,大风,小雨,中,0.377,61.0
263,38.0,初中,男,160.0,65.8,中,丧偶,父母双亡,没有孩子,平原,堵车,软风,小雪,小,0.633,89.0
264,43.0,初中,男,170.2,99.8,中,丧偶,有一父或一母,有一子女,有山,通畅,狂风,雨夹雪,小,0.26899999999999996,63.0
266,30.0,初中,男,170.2,91.6,轻,丧偶,有一父或一母,有一子女,有山,堵车,和风,小雨,中,0.52,78.0
268,29.0,高中及以上,男,167.6,76.7,重,未婚,父母双亡,没有孩子,有山,堵车,烈风,小雨,中,0.8170000000000001,80.0
269,32.0,高中及以上,男,167.6,81.6,轻,已婚,父母健在,有一子女,有山,通畅,狂风,暴雨,大,0.91,70.0
270,22.0,初中,男,172.7,68.9,重,已婚,父母健在,有一子女,平原,堵车,劲风,冻雨,中,0.086,74.0
274,21.0,初中,男,175.3,93.9,轻,未婚,父母双亡,没有孩子,平原,通畅,软风,大雨,中,0.38,83.0
275,38.0,初中,男,175.3,99.3,中,离异,父母健在,有多个子女,平原,堵车,疾风,晴,大,0.152,68.0
277,20.0,初中,男,188.0,98.9,重,丧偶,父母健在,没有孩子,平原,通畅,强风,小雨,中,0.364,91.0
278,39.0,高中及以上,男,165.1,83.0,轻,已婚,父母双亡,有一子女,平原,堵车,无风,大雨,中,0.484,93.0
279,29.0,高中及以上,男,154.9,72.6,中,丧偶,有一父或一母,没有孩子,平原,堵车,烈风,雾,小,0.857,87.0
281,25.0,初中,男,167.6,68.0,轻,丧偶,父母双亡,没有孩子,平原,通畅,和风,雷阵雨,小,0.9890000000000001,78.0
282,31.0,小学及以下,男,180.3,79.4,重,已婚,父母健在,有多个子女,有山,通畅,狂风,中雨,小,0.742,80.0
283,31.0,小学及以下,男,172.7,92.1,重,离异,父母健在,没有孩子,平原,通畅,劲风,雨夹雪,小,0.616,57.0
286,23.0,初中,男,174.42525773195877,85.3,重,离异,父母健在,有多个子女,平原,通畅,暴风,雷阵雨,大,0.051,70.0
287,23.0,初中,男,172.7,83.5,重,丧偶,有一父或一母,有一子女,平原,通畅,软风,阴天,大,0.547,69.0
288,23.0,初中,男,165.1,96.6,中,未婚,有一父或一母,没有孩子,有山,堵车,和风,中雨,大,0.815,64.0
289,39.0,高中及以上,男,177.8,77.1,重,离异,父母双亡,有多个子女,有山,通畅,狂风,多云,大,0.985,58.0
290,32.0,初中,男,170.2,104.8,重,未婚,父母健在,没有孩子,平原,通畅,狂风,雾,大,0.5489999999999999,90.0
293,25.0,初中,男,170.2,68.0,重,离异,父母双亡,有一子女,平原,通畅,和风,雷阵雨,中,0.23,89.0
294,21.0,高中及以上,男,185.4,68.0,中,丧偶,父母双亡,没有孩子,平原,堵车,和风,中雪,中,0.9179999999999999,58.0
295,20.0,初中,男,185.4,91.2,重,已婚,父母健在,有一子女,平原,通畅,疾风,冻雨,小,0.32899999999999996,72.0
296,25.0,高中及以上,男,170.2,83.9,重,已婚,父母双亡,没有孩子,有山,通畅,狂风,雨夹雪,小,0.578,82.0
297,27.0,初中,男,170.2,81.6,重,丧偶,有一父或一母,有多个子女,平原,通畅,强风,冰雹,小,0.604,66.0
299,24.0,初中,男,165.1,73.9,重,丧偶,父母双亡,没有孩子,有山,堵车,轻风,阴天,大,0.871,87.0
300,28.0,高中及以上,男,165.1,79.8,轻,丧偶,有一父或一母,有一子女,平原,堵车,暴风,中雨,大,0.7559999999999999,83.0
301,27.0,高中及以上,男,167.6,65.3,重,丧偶,父母健在,没有孩子,平原,通畅,疾风,冻雨,小,0.11800000000000001,81.0
302,29.0,高中及以上,男,175.3,73.5,轻,已婚,有一父或一母,没有孩子,有山,堵车,劲风,多云,小,0.504,79.0
303,36.0,高中及以上,男,188.0,94.8,中,未婚,有一父或一母,没有孩子,平原,通畅,疾风,雷阵雨,中,0.467,83.0
306,30.0,高中及以上,男,172.7,75.7,重,已婚,父母双亡,没有孩子,有山,堵车,轻风,小雨,小,0.15,86.0
308,36.0,高中及以上,男,175.3,104.3,轻,离异,有一父或一母,有多个子女,平原,堵车,台风,冻雨,大,0.16,82.0
309,32.0,高中及以上,男,182.9,77.1,中,未婚,父母双亡,没有孩子,有山,堵车,狂风,暴雨,小,0.287,57.0
311,22.0,初中,男,170.2,83.5,中,未婚,父母健在,没有孩子,平原,堵车,强风,雨夹雪,大,0.098,62.0
312,30.0,初中,男,160.0,71.7,轻,离异,父母健在,有一子女,有山,堵车,和风,冻雨,大,0.239,76.0
314,24.0,高中及以上,男,180.3,78.9,重,丧偶,有一父或一母,有多个子女,平原,通畅,无风,雷阵雨,中,0.879,91.0
315,23.0,高中及以上,男,170.2,93.0,轻,已婚,有一父或一母,没有孩子,平原,通畅,烈风,中雨,中,0.204,63.0
316,31.0,初中,男,172.7,78.5,重,离异,父母双亡,有多个子女,有山,通畅,无风,冰雹,大,0.196,84.0
317,19.0,初中,男,170.2,83.5,中,离异,父母双亡,有一子女,平原,通畅,强风,雷阵雨,中,0.44299999999999995,72.0
318,27.0,高中及以上,男,180.3,118.4,中,离异,父母健在,有多个子女,有山,堵车,大风,霜冻,中,0.654,85.0
321,24.0,初中,男,170.2,71.2,中,离异,父母双亡,没有孩子,平原,堵车,疾风,阴天,中,0.242,88.0
323,26.0,高中及以上,男,165.1,58.5,中,未婚,父母双亡,没有孩子,平原,堵车,和风,中雨,大,0.316,62.0
324,21.0,初中,男,160.0,77.6,中,离异,父母健在,有多个子女,平原,堵车,轻风,多云,小,0.21,56.0
325,25.0,初中,男,175.3,71.2,中,丧偶,有一父或一母,有一子女,平原,通畅,和风,中雪,小,0.496,86.0
327,34.0,初中,男,182.9,81.6,重,未婚,父母健在,没有孩子,平原,通畅,微风,冻雨,小,0.46,89.0
331,30.0,初中,男,175.3,68.0,重,已婚,父母双亡,没有孩子,有山,堵车,微风,雷阵雨,中,0.606,87.0
332,28.0,高中及以上,男,160.0,78.0,轻,已婚,父母健在,有多个子女,有山,堵车,无风,冰雹,中,0.141,67.0
333,21.0,初中,男,177.8,79.8,中,未婚,父母双亡,没有孩子,平原,堵车,微风,冻雨,小,0.556,67.0
334,19.0,高中及以上,男,182.9,74.8,重,已婚,父母双亡,没有孩子,平原,通畅,微风,晴,大,0.237,81.0
335,36.0,小学及以下,男,177.8,101.6,轻,丧偶,父母健在,有多个子女,平原,通畅,暴风,多云,小,0.145,87.0
337,39.0,初中,男,167.6,86.2,重,丧偶,有一父或一母,有一子女,平原,通畅,大风,雷阵雨,小,0.574,70.0
343,44.0,初中,男,172.7,76.2,重,未婚,父母健在,没有孩子,平原,通畅,暴风,小雪,大,0.95,69.0
346,22.0,高中及以上,男,177.8,101.6,中,未婚,父母健在,没有孩子,平原,通畅,强风,冻雨,小,0.706,66.0
347,26.0,初中,男,154.9,103.0,中,离异,父母健在,有多个子女,有山,通畅,疾风,冰雹,大,0.945,88.0
353,25.0,高中及以上,男,175.3,130.6,重,离异,父母健在,有多个子女,平原,通畅,烈风,冰雹,大,0.28600000000000003,82.0
358,25.0,初中,男,180.3,70.3,中,未婚,父母双亡,没有孩子,平原,通畅,烈风,冰雹,小,0.825,69.0
360,21.0,高中及以上,男,170.2,74.8,中,未婚,父母双亡,没有孩子,平原,堵车,大风,大雨,大,0.912,65.0
361,24.0,高中及以上,男,177.8,74.8,重,已婚,父母健在,有一子女,有山,堵车,台风,暴雨,大,0.053,85.0
362,25.0,高中及以上,男,182.9,81.6,轻,未婚,父母健在,没有孩子,平原,通畅,烈风,多云,大,0.163,70.0
363,22.0,高中及以上,男,188.0,105.2,中,离异,父母健在,有多个子女,平原,堵车,无风,多云,中,0.467,58.0
366,26.0,小学及以下,男,172.7,62.1,重,离异,父母双亡,有一子女,平原,通畅,疾风,中雨,中,0.475,82.0
371,50.0,初中,男,167.6,63.9,中,未婚,父母健在,没有孩子,平原,通畅,台风,多云,大,0.498,93.0
373,38.0,高中及以上,男,172.7,70.8,重,未婚,父母健在,没有孩子,平原,通畅,无风,中雨,大,0.89,72.0
375,34.0,高中及以上,男,187.9,83.5,中,未婚,有一父或一母,没有孩子,平原,通畅,无风,霜冻,小,0.462,69.0
381,23.0,高中及以上,女,163.6,58.1,中,丧偶,有一父或一母,没有孩子,有山,堵车,疾风,雾,小,0.19699999999999998,75.0
382,25.0,初中,女,162.7,54.9,轻,离异,有一父或一母,有多个子女,平原,通畅,和风,小雪,小,0.7340000000000001,63.0
383,20.0,高中及以上,男,170.1,61.2,重,未婚,有一父或一母,没有孩子,平原,堵车,疾风,中雨,大,0.7559999999999999,71.0
384,24.0,初中,男,182.9,144.2,重,丧偶,有一父或一母,有一子女,平原,通畅,疾风,大雨,小,0.47600000000000003,69.0
386,39.0,高中及以上,男,187.9,97.5,轻,已婚,父母双亡,没有孩子,平原,通畅,台风,大到暴雪,中,0.17800000000000002,80.0
387,40.0,高中及以上,男,180.3,106.6,中,已婚,父母双亡,有一子女,有山,通畅,疾风,雾,大,0.7070000000000001,71.0
388,30.0,初中,男,182.9,86.1,轻,未婚,父母双亡,没有孩子,平原,堵车,和风,大到暴雪,中,0.263,59.0
389,35.0,高中及以上,男,177.8,63.5,轻,丧偶,父母双亡,有一子女,平原,通畅,台风,冻雨,小,0.18600000000000003,56.0
390,25.0,高中及以上,男,175.3,113.4,中,已婚,有一父或一母,有一子女,平原,堵车,烈风,小雨,中,0.998,82.0
391,23.0,高中及以上,男,177.8,90.7,重,未婚,有一父或一母,没有孩子,平原,通畅,微风,阴天,小,0.26,68.0
392,24.0,初中,男,185.4,81.6,重,丧偶,有一父或一母,没有孩子,平原,通畅,无风,小雨,小,0.58,80.0
393,28.0,高中及以上,男,175.3,90.7,中,离异,父母双亡,有多个子女,平原,堵车,大风,大到暴雪,中,0.634,57.0
395,21.0,小学及以下,男,182.9,67.1,中,丧偶,父母双亡,没有孩子,平原,堵车,轻风,大雨,大,0.132,81.0
397,34.0,初中,男,177.8,51.7,中,未婚,父母健在,没有孩子,平原,堵车,和风,暴雨,中,0.747,82.0
398,30.0,初中,男,165.1,80.3,重,离异,父母双亡,有一子女,有山,通畅,暴风,中雪,大,0.14400000000000002,83.0
402,31.0,高中及以上,男,175.3,91.6,重,丧偶,有一父或一母,有一子女,有山,通畅,和风,中雨,小,0.583,88.0
404,32.0,小学及以下,男,172.7,72.1,中,未婚,父母健在,没有孩子,有山,通畅,台风,晴,中,0.624,79.0
405,22.0,初中,男,185.4,98.0,轻,已婚,父母健在,有多个子女,有山,堵车,大风,大雨,小,0.743,76.0
407,24.0,初中,男,180.3,81.6,轻,丧偶,父母双亡,有多个子女,平原,堵车,无风,中雨,中,0.10099999999999999,56.0
408,21.0,高中及以上,男,180.3,73.0,重,离异,父母健在,没有孩子,有山,堵车,暴风,多云,小,0.301,72.0
415,39.0,高中及以上,男,182.9,88.9,中,丧偶,父母双亡,没有孩子,平原,堵车,和风,冰雹,大,0.11900000000000001,65.0
418,24.0,初中,男,167.6,67.6,中,未婚,父母双亡,没有孩子,有山,堵车,台风,中雨,大,0.794,66.0
420,27.0,高中及以上,男,167.6,70.3,轻,未婚,有一父或一母,没有孩子,有山,通畅,烈风,多云,中,0.098,59.0
422,22.0,初中,男,177.8,88.0,轻,未婚,有一父或一母,没有孩子,平原,通畅,无风,大到暴雪,小,0.19399999999999998,57.0
423,20.0,初中,男,167.6,70.8,轻,离异,父母双亡,有多个子女,平原,通畅,台风,霜冻,大,0.7929999999999999,60.0
424,20.0,初中,男,165.1,83.0,轻,离异,父母双亡,没有孩子,平原,通畅,轻风,中雪,大,0.8140000000000001,61.0
427,22.0,初中,男,177.8,71.2,重,离异,有一父或一母,有多个子女,有山,通畅,烈风,晴,小,0.728,79.0
429,31.0,初中,男,172.7,88.5,中,丧偶,父母健在,没有孩子,平原,堵车,烈风,小雪,中,0.611,84.0
430,39.0,小学及以下,男,182.9,97.5,重,已婚,父母健在,有一子女,有山,通畅,疾风,多云,小,0.011000000000000001,76.0
431,40.0,初中,男,174.42525773195877,105.2,中,已婚,父母健在,有一子女,有山,通畅,软风,多云,小,0.165,68.0
433,30.0,初中,女,160.0,85.7,重,未婚,父母健在,没有孩子,有山,通畅,烈风,小雪,大,0.035,81.0
435,30.0,小学及以下,男,157.5,86.2,重,未婚,父母健在,没有孩子,有山,堵车,大风,冻雨,小,0.19,59.0
437,19.0,初中,男,170.2,82.6,重,未婚,父母双亡,没有孩子,平原,通畅,无风,雾,小,0.883,61.0
438,19.0,初中,男,175.3,63.0,中,未婚,父母双亡,没有孩子,平原,堵车,大风,雷阵雨,大,0.9640000000000001,86.0
441,29.0,高中及以上,男,175.3,85.3,重,离异,父母双亡,有多个子女,平原,堵车,强风,中雪,小,0.8590000000000001,81.0
445,31.0,高中及以上,男,167.6,68.0,轻,丧偶,有一父或一母,有一子女,有山,通畅,强风,冰雹,大,0.649,94.0
446,28.0,初中,男,172.7,69.4,轻,离异,父母双亡,有多个子女,有山,堵车,软风,大雨,中,0.7,90.0
448,29.0,高中及以上,男,177.8,72.6,重,已婚,父母双亡,没有孩子,有山,通畅,强风,大雨,大,0.391,78.0
449,24.0,高中及以上,男,172.7,69.4,重,未婚,有一父或一母,没有孩子,平原,堵车,暴风,冻雨,大,0.997,78.0
450,26.0,小学及以下,男,170.2,80.7,轻,丧偶,有一父或一母,没有孩子,平原,通畅,烈风,雾,中,0.996,64.0
452,29.0,初中,男,182.9,78.9,中,离异,父母双亡,有多个子女,有山,堵车,烈风,多云,大,0.862,77.0
453,31.0,初中,男,160.0,66.2,重,丧偶,有一父或一母,没有孩子,平原,通畅,台风,冰雹,大,0.8490000000000001,93.0
454,30.0,初中,男,175.3,73.9,重,已婚,父母双亡,有一子女,有山,通畅,软风,冻雨,中,0.987,63.0
458,40.0,高中及以上,男,177.8,117.9,轻,离异,父母健在,有多个子女,有山,堵车,软风,小雪,大,0.763,87.0
459,28.0,初中,男,182.9,82.6,重,丧偶,有一父或一母,有一子女,平原,堵车,微风,暴雨,小,0.6609999999999999,59.0
460,20.0,初中,男,172.7,83.5,中,已婚,父母健在,没有孩子,有山,通畅,和风,雾,中,0.9229999999999999,88.0
462,38.0,初中,男,160.0,65.8,轻,丧偶,父母健在,有多个子女,平原,堵车,和风,大雨,小,0.41700000000000004,66.0
467,29.0,高中及以上,男,167.6,76.7,中,未婚,有一父或一母,没有孩子,平原,通畅,软风,大雨,大,0.131,85.0
468,32.0,高中及以上,男,167.6,81.6,轻,已婚,有一父或一母,没有孩子,有山,堵车,台风,晴,大,0.5660000000000001,80.0
469,22.0,初中,男,172.7,68.9,重,丧偶,有一父或一母,有一子女,有山,堵车,微风,中雪,大,0.6729999999999999,64.0
471,32.0,初中,男,175.3,101.2,中,未婚,父母双亡,没有孩子,有山,通畅,强风,小雨,中,0.183,84.0
472,20.0,初中,男,188.0,87.5,中,已婚,父母健在,有多个子女,平原,通畅,狂风,大雨,中,0.21100000000000002,92.0
475,34.0,高中及以上,男,174.42525773195877,109.3,重,未婚,有一父或一母,没有孩子,有山,堵车,轻风,小雪,中,0.7190000000000001,57.0
476,20.0,初中,男,188.0,98.9,中,丧偶,父母健在,没有孩子,平原,堵车,强风,大雨,中,0.919,86.0
477,39.0,高中及以上,男,165.1,83.0,轻,未婚,父母双亡,没有孩子,有山,通畅,无风,多云,大,0.445,63.0
478,29.0,高中及以上,男,154.9,72.6,轻,丧偶,父母双亡,有多个子女,平原,通畅,和风,小雪,小,0.544,81.0
479,20.0,高中及以上,男,175.3,59.9,中,丧偶,父母健在,有一子女,有山,通畅,大风,冻雨,小,0.605,89.0
484,23.0,初中,男,180.3,63.0,轻,丧偶,父母健在,有一子女,有山,堵车,无风,小雪,大,0.56,85.0
487,23.0,初中,男,165.1,96.6,重,未婚,有一父或一母,没有孩子,有山,通畅,暴风,冻雨,中,0.882,71.0
490,23.0,初中,男,172.7,114.3,轻,未婚,有一父或一母,没有孩子,有山,通畅,烈风,暴雨,大,0.9790000000000001,82.0
491,21.0,高中及以上,男,177.8,68.5,中,丧偶,父母双亡,没有孩子,有山,通畅,无风,大雨,中,0.977,82.0
492,25.0,初中,男,170.2,68.0,轻,离异,父母健在,没有孩子,有山,通畅,烈风,冻雨,大,0.608,85.0
493,21.0,高中及以上,男,185.4,68.0,中,离异,父母健在,有一子女,平原,堵车,轻风,雾,大,0.9109999999999999,65.0
494,20.0,初中,男,185.4,91.2,中,离异,父母健在,没有孩子,平原,堵车,暴风,霜冻,中,0.9359999999999999,58.0
495,25.0,高中及以上,男,170.2,83.9,轻,丧偶,父母健在,没有孩子,平原,堵车,强风,大到暴雪,小,0.281,69.0
496,27.0,初中,男,170.2,81.6,中,丧偶,父母双亡,有一子女,平原,堵车,烈风,阴天,中,0.8140000000000001,73.0
498,24.0,初中,男,165.1,73.9,重,已婚,有一父或一母,没有孩子,平原,堵车,软风,大到暴雪,小,0.295,75.0
499,28.0,高中及以上,男,165.1,79.8,中,离异,父母双亡,没有孩子,平原,通畅,轻风,雾,中,0.586,83.0
500,27.0,高中及以上,男,167.6,65.3,轻,丧偶,父母双亡,没有孩子,有山,堵车,烈风,雷阵雨,中,0.45799999999999996,69.0
501,29.0,高中及以上,男,175.3,73.5,轻,已婚,父母双亡,没有孩子,有山,通畅,软风,雷阵雨,大,0.34700000000000003,71.0
506,37.0,高中及以上,男,180.3,103.9,中,未婚,父母双亡,没有孩子,有山,通畅,台风,霜冻,中,0.191,57.0
512,39.0,高中及以上,男,170.2,97.5,重,丧偶,父母双亡,有多个子女,平原,通畅,轻风,冻雨,大,0.044000000000000004,79.0
515,31.0,初中,男,172.7,78.5,轻,未婚,父母健在,没有孩子,平原,堵车,烈风,小雪,小,0.6509999999999999,85.0
516,19.0,初中,男,170.2,83.5,轻,已婚,有一父或一母,没有孩子,有山,堵车,轻风,雨夹雪,小,0.488,73.0
520,24.0,初中,男,170.2,71.2,中,未婚,父母健在,没有孩子,平原,堵车,台风,阴天,大,0.8370000000000001,80.0
521,19.0,高中及以上,男,167.6,74.4,轻,未婚,父母健在,没有孩子,有山,堵车,无风,中雨,中,0.813,82.0
522,26.0,高中及以上,男,165.1,58.5,轻,离异,父母双亡,没有孩子,有山,堵车,暴风,雨夹雪,大,0.217,58.0
523,21.0,初中,男,160.0,77.6,重,未婚,父母健在,没有孩子,平原,堵车,大风,小雪,小,0.645,88.0
526,34.0,初中,男,182.9,81.6,重,丧偶,有一父或一母,有一子女,有山,堵车,和风,大雨,小,0.081,85.0
527,41.0,初中,男,165.1,74.8,轻,丧偶,有一父或一母,没有孩子,平原,堵车,强风,雾,大,0.9990000000000001,70.0
529,39.0,高中及以上,男,190.5,92.5,轻,离异,父母健在,有多个子女,有山,堵车,大风,中雨,小,0.36,85.0
530,30.0,初中,男,175.3,68.0,重,未婚,父母双亡,没有孩子,平原,通畅,无风,晴,小,0.016,69.0
536,39.0,初中,男,167.6,86.2,中,未婚,有一父或一母,没有孩子,有山,堵车,大风,雾,大,0.33399999999999996,91.0
539,20.0,初中,男,170.2,86.2,轻,离异,父母双亡,没有孩子,有山,通畅,无风,雾,大,0.185,80.0
540,23.0,高中及以上,男,170.2,88.5,中,丧偶,父母健在,有多个子女,平原,堵车,软风,冰雹,小,0.537,61.0
541,24.0,高中及以上,男,182.9,63.5,中,未婚,有一父或一母,没有孩子,有山,堵车,狂风,暴雨,小,0.8540000000000001,71.0
542,44.0,初中,男,172.7,76.2,中,离异,父母健在,有一子女,平原,堵车,和风,雷阵雨,大,0.376,85.0
543,49.0,初中,男,175.3,93.0,中,离异,有一父或一母,有多个子女,有山,堵车,软风,晴,中,0.067,82.0
544,35.0,高中及以上,男,165.1,67.1,轻,丧偶,有一父或一母,有多个子女,平原,堵车,无风,晴,中,0.8140000000000001,85.0
547,37.0,初中,男,172.7,103.9,重,丧偶,有一父或一母,有一子女,平原,堵车,微风,大到暴雪,中,0.713,83.0
548,29.0,初中,男,175.3,59.4,重,未婚,父母健在,没有孩子,平原,通畅,轻风,冻雨,大,0.741,62.0
550,40.0,高中及以上,男,180.3,79.4,中,未婚,有一父或一母,没有孩子,平原,通畅,狂风,雷阵雨,大,0.426,82.0
552,25.0,高中及以上,男,175.3,130.6,轻,丧偶,父母健在,没有孩子,有山,通畅,软风,小雨,小,0.209,60.0
554,39.0,高中及以上,男,182.9,108.9,重,丧偶,父母健在,有多个子女,平原,堵车,和风,晴,大,0.8029999999999999,61.0
561,25.0,高中及以上,男,182.9,81.6,轻,离异,父母健在,有多个子女,有山,堵车,大风,大雨,中,0.196,84.0
562,22.0,高中及以上,男,188.0,105.2,中,离异,父母双亡,有多个子女,有山,通畅,和风,小雨,中,0.799,80.0
563,18.0,初中,男,174.42525773195877,64.4,中,丧偶,父母双亡,有多个子女,平原,堵车,强风,小雪,大,0.415,61.0
565,26.0,小学及以下,男,172.7,62.1,重,离异,有一父或一母,没有孩子,有山,堵车,暴风,霜冻,小,0.392,81.0
566,35.0,高中及以上,男,175.3,68.0,重,已婚,父母双亡,没有孩子,有山,堵车,台风,晴,大,0.8640000000000001,65.0
568,31.0,高中及以上,男,177.8,71.7,中,离异,父母双亡,有一子女,平原,堵车,烈风,霜冻,大,0.609,73.0
569,23.0,小学及以下,男,175.3,83.9,重,未婚,有一父或一母,没有孩子,平原,堵车,软风,小雨,小,0.6890000000000001,82.0
570,50.0,初中,男,167.6,63.9,重,未婚,父母双亡,没有孩子,平原,堵车,狂风,晴,中,0.046,66.0
571,21.0,初中,男,172.7,83.1,重,已婚,有一父或一母,有一子女,有山,通畅,轻风,霜冻,大,0.6809999999999999,73.0
572,38.0,高中及以上,男,172.7,70.8,中,未婚,有一父或一母,没有孩子,有山,通畅,台风,雷阵雨,小,0.789,92.0
574,34.0,高中及以上,男,187.9,83.5,中,离异,有一父或一母,没有孩子,平原,通畅,强风,大到暴雪,中,0.281,75.0
577,46.0,初中,女,167.6,53.5,重,丧偶,有一父或一母,有多个子女,平原,堵车,台风,大雨,小,0.381,67.0
578,41.0,高中及以上,男,172.7,68.1,中,离异,父母双亡,有一子女,有山,通畅,暴风,霜冻,小,0.11,87.0
581,25.0,初中,女,162.7,54.9,中,离异,父母双亡,有一子女,平原,通畅,无风,大到暴雪,大,0.39899999999999997,91.0
583,24.0,初中,男,182.9,144.2,中,离异,父母健在,有多个子女,平原,通畅,微风,雾,中,0.235,87.0
584,40.0,初中,男,185.4,98.4,中,已婚,父母双亡,没有孩子,平原,通畅,无风,小雪,大,0.946,86.0
585,39.0,高中及以上,男,187.9,97.5,轻,未婚,父母双亡,没有孩子,有山,通畅,烈风,雷阵雨,中,0.016,72.0
587,30.0,初中,男,182.9,86.1,重,丧偶,有一父或一母,有多个子女,有山,通畅,大风,雷阵雨,小,0.061,87.0
590,23.0,高中及以上,男,177.8,90.7,轻,离异,有一父或一母,有一子女,有山,堵车,强风,中雪,小,0.684,57.0
591,24.0,初中,男,185.4,81.6,中,离异,父母健在,有多个子女,有山,通畅,微风,霜冻,中,0.293,77.0
592,28.0,高中及以上,男,175.3,90.7,轻,已婚,有一父或一母,有一子女,平原,堵车,和风,小雨,中,0.292,88.0
594,21.0,小学及以下,男,182.9,67.1,轻,丧偶,有一父或一母,有一子女,平原,通畅,和风,中雨,中,0.8340000000000001,68.0
595,26.0,初中,男,187.9,59.4,中,离异,父母双亡,有一子女,平原,通畅,微风,小雨,大,0.146,68.0
596,34.0,初中,男,177.8,51.7,轻,已婚,有一父或一母,有一子女,平原,堵车,疾风,雾,中,0.885,63.0
598,49.0,高中及以上,男,175.3,98.4,重,未婚,父母健在,没有孩子,有山,堵车,和风,大到暴雪,小,0.5379999999999999,85.0
599,29.0,高中及以上,男,177.8,88.0,中,已婚,父母双亡,有一子女,有山,通畅,强风,冻雨,中,0.018000000000000002,67.0
600,24.0,初中,男,175.3,89.8,轻,离异,父母健在,有多个子女,有山,通畅,疾风,大到暴雪,大,0.94,73.0
601,31.0,高中及以上,男,175.3,91.6,中,丧偶,有一父或一母,没有孩子,有山,堵车,台风,多云,小,0.861,77.0
602,29.0,初中,男,182.9,133.8,重,离异,有一父或一母,有多个子女,有山,堵车,微风,大到暴雪,小,0.149,88.0
603,32.0,小学及以下,男,172.7,72.1,轻,离异,父母双亡,没有孩子,有山,通畅,劲风,小雨,小,0.10400000000000001,76.0
604,22.0,初中,男,185.4,98.0,中,丧偶,有一父或一母,没有孩子,有山,通畅,台风,霜冻,中,0.9690000000000001,75.0
605,51.0,高中及以上,男,170.2,88.0,中,离异,父母健在,没有孩子,平原,堵车,软风,小雨,小,0.018000000000000002,59.0
609,46.0,高中及以上,男,182.9,85.3,中,未婚,父母双亡,没有孩子,有山,堵车,狂风,中雨,小,0.5670000000000001,71.0
615,45.0,初中,男,172.7,102.1,中,未婚,父母健在,没有孩子,平原,通畅,和风,大到暴雪,小,0.521,82.0
616,21.0,初中,男,167.6,78.9,中,未婚,父母健在,没有孩子,平原,通畅,劲风,大雨,大,0.129,84.0
617,24.0,初中,男,167.6,67.6,轻,离异,父母健在,有多个子女,平原,通畅,无风,冻雨,大,0.406,67.0
619,27.0,高中及以上,男,167.6,70.3,重,已婚,父母健在,没有孩子,平原,通畅,大风,大雨,大,0.518,92.0
620,30.0,小学及以下,男,180.3,105.7,重,离异,有一父或一母,没有孩子,平原,通畅,微风,雨夹雪,中,0.198,62.0
621,22.0,初中,男,177.8,88.0,轻,已婚,父母双亡,有一子女,有山,通畅,劲风,中雪,小,0.51,67.0
623,20.0,初中,男,165.1,83.0,轻,离异,父母双亡,有多个子女,平原,通畅,烈风,晴,小,0.46799999999999997,86.0
627,31.0,高中及以上,男,177.8,100.7,重,已婚,父母健在,有一子女,平原,通畅,无风,冰雹,小,0.218,67.0
628,31.0,初中,男,172.7,88.5,轻,丧偶,有一父或一母,没有孩子,有山,通畅,和风,霜冻,小,0.40399999999999997,71.0
629,39.0,小学及以下,男,182.9,97.5,中,已婚,父母双亡,有一子女,有山,通畅,烈风,冰雹,大,0.7440000000000001,68.0
631,19.0,初中,男,167.6,115.2,重,未婚,父母健在,没有孩子,平原,通畅,狂风,大雨,大,0.7170000000000001,57.0
636,19.0,初中,男,170.2,82.6,重,离异,父母健在,有多个子女,平原,堵车,狂风,中雪,大,0.9079999999999999,84.0
637,19.0,初中,男,175.3,63.0,中,未婚,有一父或一母,没有孩子,有山,堵车,强风,晴,小,0.036000000000000004,85.0
645,28.0,初中,男,172.7,69.4,重,离异,父母双亡,有多个子女,有山,通畅,大风,雨夹雪,中,0.499,71.0
646,37.0,高中及以上,女,160.0,85.3,中,已婚,父母健在,没有孩子,平原,堵车,疾风,多云,中,0.589,92.0
647,29.0,高中及以上,男,177.8,72.6,轻,离异,父母健在,有一子女,平原,通畅,无风,多云,小,0.287,69.0
650,19.0,高中及以上,男,177.8,68.0,中,已婚,父母健在,有一子女,平原,通畅,和风,中雪,大,0.688,81.0
653,30.0,初中,男,175.3,73.9,重,已婚,有一父或一母,没有孩子,有山,通畅,无风,中雨,大,0.792,66.0
654,25.0,高中及以上,男,170.2,63.0,轻,离异,父母双亡,有一子女,有山,通畅,无风,雷阵雨,大,0.9059999999999999,83.0
658,28.0,初中,男,182.9,82.6,中,已婚,有一父或一母,没有孩子,有山,堵车,轻风,小雪,大,0.344,70.0
659,20.0,初中,男,172.7,83.5,中,未婚,有一父或一母,没有孩子,有山,堵车,暴风,雷阵雨,小,0.493,88.0
660,21.0,初中,男,174.42525773195877,81.2,中,丧偶,父母双亡,有一子女,有山,通畅,狂风,大到暴雪,中,0.649,64.0
662,43.0,初中,男,170.2,99.8,中,离异,有一父或一母,有一子女,平原,通畅,暴风,小雨,中,0.961,70.0
664,30.0,初中,男,170.2,91.6,重,已婚,父母健在,有多个子女,有山,堵车,强风,小雪,中,0.9309999999999999,77.0
665,36.0,初中,男,162.6,87.5,重,已婚,有一父或一母,有多个子女,平原,堵车,烈风,冻雨,大,0.107,86.0
667,32.0,高中及以上,男,167.6,81.6,重,离异,父母健在,有多个子女,有山,堵车,疾风,多云,小,0.7609999999999999,64.0
671,20.0,初中,男,188.0,87.5,重,离异,父母双亡,没有孩子,有山,通畅,强风,雾,大,0.9209999999999999,88.0
673,38.0,初中,男,175.3,99.3,重,离异,有一父或一母,有一子女,平原,通畅,无风,大到暴雪,中,0.06,80.0
674,34.0,高中及以上,男,174.42525773195877,109.3,重,未婚,父母双亡,没有孩子,平原,堵车,强风,晴,小,0.009000000000000001,58.0
675,20.0,初中,男,188.0,98.9,重,离异,父母健在,有一子女,平原,通畅,劲风,阴天,大,0.281,85.0
676,39.0,高中及以上,男,165.1,83.0,轻,未婚,父母健在,没有孩子,有山,通畅,烈风,中雨,中,0.057,79.0
677,29.0,高中及以上,男,154.9,72.6,中,未婚,有一父或一母,没有孩子,平原,堵车,大风,雾,小,0.401,94.0
679,25.0,初中,男,167.6,68.0,轻,已婚,有一父或一母,有一子女,有山,堵车,强风,雷阵雨,小,0.852,91.0
680,31.0,小学及以下,男,180.3,79.4,轻,未婚,父母健在,没有孩子,平原,堵车,疾风,多云,大,0.639,70.0
681,31.0,小学及以下,男,172.7,92.1,轻,丧偶,有一父或一母,没有孩子,有山,堵车,强风,中雪,大,0.09,80.0
682,31.0,初中,男,170.2,119.7,中,已婚,有一父或一母,没有孩子,有山,通畅,疾风,暴雨,小,0.389,63.0
684,23.0,初中,男,174.42525773195877,85.3,重,丧偶,有一父或一母,没有孩子,有山,通畅,烈风,中雨,大,0.013999999999999999,66.0
686,23.0,初中,男,165.1,96.6,中,丧偶,有一父或一母,有一子女,平原,通畅,大风,大雨,大,0.626,57.0
688,32.0,初中,男,170.2,104.8,轻,已婚,有一父或一母,有多个子女,有山,堵车,无风,冻雨,中,0.042,81.0
689,23.0,初中,男,172.7,114.3,轻,未婚,父母健在,没有孩子,有山,堵车,轻风,中雪,中,0.35200000000000004,70.0
690,21.0,高中及以上,男,177.8,68.5,重,已婚,父母双亡,有多个子女,平原,堵车,狂风,冰雹,小,0.40700000000000003,79.0
691,25.0,初中,男,170.2,68.0,轻,离异,父母健在,没有孩子,平原,堵车,微风,雾,大,0.604,80.0
692,21.0,高中及以上,男,185.4,68.0,中,已婚,父母健在,没有孩子,有山,堵车,劲风,中雨,小,0.589,93.0
693,20.0,初中,男,185.4,91.2,重,丧偶,有一父或一母,有多个子女,平原,通畅,和风,霜冻,小,0.975,56.0
694,25.0,高中及以上,男,170.2,83.9,中,离异,父母健在,没有孩子,平原,通畅,软风,阴天,小,0.054000000000000006,56.0
697,24.0,初中,男,165.1,73.9,中,丧偶,有一父或一母,有多个子女,有山,堵车,轻风,中雨,小,0.866,69.0
698,28.0,高中及以上,男,165.1,79.8,轻,已婚,父母双亡,有多个子女,平原,通畅,疾风,大到暴雪,大,0.40399999999999997,77.0
699,27.0,高中及以上,男,167.6,65.3,中,未婚,父母健在,没有孩子,有山,堵车,微风,雾,中,0.9129999999999999,92.0
702,30.0,高中及以上,男,190.5,128.8,轻,离异,父母双亡,没有孩子,平原,堵车,劲风,大到暴雪,中,0.556,65.0
703,46.0,初中,男,188.0,86.2,中,离异,父母健在,有多个子女,有山,通畅,微风,多云,大,0.632,70.0
707,32.0,高中及以上,男,182.9,77.1,轻,丧偶,有一父或一母,没有孩子,有山,堵车,劲风,雾,中,0.578,75.0
708,20.0,高中及以上,男,170.2,61.2,轻,已婚,有一父或一母,没有孩子,平原,通畅,强风,雨夹雪,大,0.696,72.0
710,30.0,初中,男,160.0,71.7,重,已婚,有一父或一母,没有孩子,有山,堵车,台风,阴天,中,0.6759999999999999,94.0
712,24.0,高中及以上,男,180.3,78.9,中,未婚,父母双亡,没有孩子,平原,堵车,暴风,多云,小,0.386,64.0
715,19.0,初中,男,170.2,83.5,轻,已婚,有一父或一母,有一子女,平原,堵车,无风,冻雨,大,0.97,67.0
716,27.0,高中及以上,男,180.3,118.4,中,丧偶,有一父或一母,有多个子女,有山,堵车,软风,多云,中,0.639,57.0
719,24.0,初中,男,170.2,71.2,轻,离异,父母健在,有一子女,有山,通畅,和风,大到暴雪,大,0.37200000000000005,85.0
721,26.0,高中及以上,男,165.1,58.5,轻,未婚,父母双亡,没有孩子,平原,堵车,无风,雾,中,0.9740000000000001,87.0
724,19.0,初中,男,167.6,64.4,轻,已婚,父母健在,有一子女,有山,通畅,强风,冻雨,大,0.606,84.0
725,34.0,初中,男,182.9,81.6,轻,已婚,有一父或一母,没有孩子,有山,堵车,暴风,大雨,大,0.077,60.0
727,23.0,初中,男,177.8,73.9,轻,已婚,父母双亡,有一子女,平原,通畅,无风,大到暴雪,小,0.9259999999999999,56.0
730,28.0,高中及以上,男,160.0,78.0,轻,未婚,父母双亡,没有孩子,平原,堵车,暴风,小雨,中,0.636,82.0
731,21.0,初中,男,177.8,79.8,重,丧偶,父母健在,有一子女,平原,堵车,烈风,多云,中,0.364,78.0
734,33.0,高中及以上,男,185.4,113.4,轻,丧偶,有一父或一母,有多个子女,有山,堵车,台风,暴雨,中,0.10099999999999999,80.0
735,39.0,初中,男,167.6,86.2,重,丧偶,父母健在,没有孩子,平原,堵车,和风,雷阵雨,小,0.736,92.0
736,23.0,初中,男,177.8,93.9,中,已婚,父母双亡,有一子女,有山,堵车,劲风,中雪,小,0.5379999999999999,87.0
737,20.0,初中,男,180.3,99.8,重,丧偶,有一父或一母,有一子女,平原,堵车,强风,霜冻,大,0.364,58.0
740,24.0,高中及以上,男,182.9,63.5,中,已婚,有一父或一母,没有孩子,有山,堵车,和风,大雨,中,0.387,82.0
742,49.0,初中,男,175.3,93.0,轻,未婚,父母双亡,没有孩子,平原,通畅,疾风,冻雨,大,0.9570000000000001,85.0
743,35.0,高中及以上,男,165.1,67.1,轻,离异,父母健在,有一子女,有山,通畅,疾风,暴雨,小,0.484,68.0
746,37.0,初中,男,172.7,103.9,中,未婚,父母健在,没有孩子,平原,堵车,微风,中雪,小,0.946,77.0
750,23.0,初中,男,167.6,66.7,中,未婚,有一父或一母,没有孩子,有山,通畅,强风,霜冻,中,0.228,72.0
753,39.0,高中及以上,男,182.9,108.9,重,离异,父母健在,有多个子女,平原,堵车,疾风,大到暴雪,小,0.405,59.0
755,28.0,初中,男,182.9,94.3,重,离异,有一父或一母,没有孩子,有山,堵车,和风,冻雨,大,0.938,77.0
757,34.0,初中,男,177.8,85.7,轻,离异,父母双亡,没有孩子,有山,堵车,狂风,小雪,中,0.249,74.0
758,21.0,高中及以上,男,170.2,74.8,中,离异,有一父或一母,没有孩子,有山,堵车,和风,中雨,大,0.38799999999999996,87.0
765,35.0,高中及以上,男,175.3,68.0,重,已婚,父母双亡,有一子女,有山,通畅,狂风,冻雨,大,0.975,64.0
769,50.0,初中,男,167.6,63.9,轻,丧偶,有一父或一母,有一子女,平原,通畅,无风,冻雨,小,0.434,89.0
770,21.0,初中,男,172.7,83.1,重,丧偶,有一父或一母,有多个子女,平原,通畅,台风,阴天,大,0.8640000000000001,61.0
771,38.0,高中及以上,男,172.7,70.8,中,已婚,有一父或一母,有一子女,有山,堵车,狂风,暴雨,大,0.767,89.0
772,34.0,高中及以上,男,182.9,79.4,重,已婚,父母健在,有一子女,平原,通畅,烈风,中雪,中,0.608,58.0
773,34.0,高中及以上,男,187.9,83.5,轻,丧偶,父母健在,有多个子女,平原,堵车,微风,阴天,小,0.223,66.0
775,28.0,高中及以上,男,172.7,65.8,轻,未婚,有一父或一母,没有孩子,平原,堵车,疾风,多云,小,0.721,87.0
776,46.0,初中,女,167.6,53.5,重,离异,父母双亡,没有孩子,有山,堵车,无风,大雨,大,0.685,93.0
777,41.0,高中及以上,男,172.7,68.1,重,未婚,父母健在,没有孩子,有山,堵车,暴风,雨夹雪,小,0.7240000000000001,87.0
781,20.0,高中及以上,男,170.1,61.2,重,丧偶,有一父或一母,有多个子女,有山,堵车,暴风,大雨,中,0.273,87.0
785,40.0,高中及以上,男,180.3,106.6,重,离异,父母双亡,有一子女,平原,堵车,微风,中雨,中,0.327,90.0
786,30.0,初中,男,182.9,86.1,轻,离异,父母双亡,有一子女,平原,堵车,狂风,大到暴雪,大,0.205,92.0
787,35.0,高中及以上,男,177.8,63.5,轻,丧偶,父母健在,没有孩子,有山,堵车,软风,暴雨,中,0.9470000000000001,61.0
788,25.0,高中及以上,男,175.3,113.4,轻,离异,父母双亡,有多个子女,平原,堵车,烈风,雨夹雪,中,0.584,71.0
789,23.0,高中及以上,男,177.8,90.7,中,已婚,父母健在,有多个子女,平原,堵车,轻风,暴雨,小,0.308,56.0
790,24.0,初中,男,185.4,81.6,中,离异,父母双亡,没有孩子,平原,堵车,强风,雾,小,0.902,92.0
791,28.0,高中及以上,男,175.3,90.7,中,未婚,父母双亡,没有孩子,有山,通畅,劲风,小雨,中,0.068,76.0
792,23.0,高中及以上,男,180.3,74.8,重,已婚,父母双亡,有多个子女,平原,通畅,轻风,中雪,小,0.831,68.0
795,34.0,初中,男,177.8,51.7,中,未婚,有一父或一母,没有孩子,平原,堵车,大风,中雨,小,0.348,82.0
